,Implementation,Combination,Count
0,Implementation: GmSSL 3.1.2 Dev,ECC-SM2 / ECC_SM4_CBC_SM3 / SM2-with-SM3 ,1
1,Implementation: OpenSSL 3.0.17,ffdhe2048 / TLS_AES_128_GCM_SHA256 / ecdsa_secp521r1_sha512,240
2,Implementation: OpenSSL 3.0.17,ffdhe2048 / TLS_AES_128_GCM_SHA256 / rsa_pss_rsae_sha256,240
3,Implementation: OpenSSL 3.0.17,ffdhe2048 / TLS_AES_128_GCM_SHA256 / ed25519,240
4,Implementation: OpenSSL 3.0.17,ffdhe2048 / TLS_AES_128_GCM_SHA256 / ecdsa_secp256r1_sha256,240
5,Implementation: OpenSSL 3.0.17,ffdhe2048 / TLS_AES_128_GCM_SHA256 / ecdsa_secp384r1_sha384,240
6,Implementation: OpenSSL 3.0.17,ffdhe2048 / TLS_AES_128_GCM_SHA256 / rsa_pss_rsae_sha384,240
7,Implementation: OpenSSL 3.0.17,ffdhe2048 / TLS_AES_128_GCM_SHA256 / ed448,240
8,Implementation: OpenSSL 3.0.17,ffdhe2048 / TLS_AES_128_GCM_SHA256 / rsa_pss_rsae_sha512,240
9,Implementation: OpenSSL 3.0.17,ffdhe2048 / TLS_CHACHA20_POLY1305_SHA256 / ecdsa_secp521r1_sha512,240
10,Implementation: OpenSSL 3.0.17,ffdhe2048 / TLS_CHACHA20_POLY1305_SHA256 / rsa_pss_rsae_sha256,240
11,Implementation: OpenSSL 3.0.17,ffdhe2048 / TLS_CHACHA20_POLY1305_SHA256 / ed25519,240
12,Implementation: OpenSSL 3.0.17,ffdhe2048 / TLS_CHACHA20_POLY1305_SHA256 / ecdsa_secp256r1_sha256,240
13,Implementation: OpenSSL 3.0.17,ffdhe2048 / TLS_CHACHA20_POLY1305_SHA256 / ecdsa_secp384r1_sha384,240
14,Implementation: OpenSSL 3.0.17,ffdhe2048 / TLS_CHACHA20_POLY1305_SHA256 / rsa_pss_rsae_sha384,240
15,Implementation: OpenSSL 3.0.17,ffdhe2048 / TLS_CHACHA20_POLY1305_SHA256 / ed448,240
16,Implementation: OpenSSL 3.0.17,ffdhe2048 / TLS_CHACHA20_POLY1305_SHA256 / rsa_pss_rsae_sha512,240
17,Implementation: OpenSSL 3.0.17,ffdhe2048 / TLS_AES_256_GCM_SHA384 / ecdsa_secp521r1_sha512,240
18,Implementation: OpenSSL 3.0.17,ffdhe2048 / TLS_AES_256_GCM_SHA384 / rsa_pss_rsae_sha256,240
19,Implementation: OpenSSL 3.0.17,ffdhe2048 / TLS_AES_256_GCM_SHA384 / ed25519,240
20,Implementation: OpenSSL 3.0.17,ffdhe2048 / TLS_AES_256_GCM_SHA384 / ecdsa_secp256r1_sha256,240
21,Implementation: OpenSSL 3.0.17,ffdhe2048 / TLS_AES_256_GCM_SHA384 / ecdsa_secp384r1_sha384,240
22,Implementation: OpenSSL 3.0.17,ffdhe2048 / TLS_AES_256_GCM_SHA384 / rsa_pss_rsae_sha384,240
23,Implementation: OpenSSL 3.0.17,ffdhe2048 / TLS_AES_256_GCM_SHA384 / ed448,240
24,Implementation: OpenSSL 3.0.17,ffdhe2048 / TLS_AES_256_GCM_SHA384 / rsa_pss_rsae_sha512,240
25,Implementation: OpenSSL 3.0.17,ecdh_x25519 / TLS_AES_128_GCM_SHA256 / ecdsa_secp521r1_sha512,240
26,Implementation: OpenSSL 3.0.17,ecdh_x25519 / TLS_AES_128_GCM_SHA256 / rsa_pss_rsae_sha256,240
27,Implementation: OpenSSL 3.0.17,ecdh_x25519 / TLS_AES_128_GCM_SHA256 / ed25519,240
28,Implementation: OpenSSL 3.0.17,ecdh_x25519 / TLS_AES_128_GCM_SHA256 / ecdsa_secp256r1_sha256,240
29,Implementation: OpenSSL 3.0.17,ecdh_x25519 / TLS_AES_128_GCM_SHA256 / ecdsa_secp384r1_sha384,240
30,Implementation: OpenSSL 3.0.17,ecdh_x25519 / TLS_AES_128_GCM_SHA256 / rsa_pss_rsae_sha384,240
31,Implementation: OpenSSL 3.0.17,ecdh_x25519 / TLS_AES_128_GCM_SHA256 / ed448,240
32,Implementation: OpenSSL 3.0.17,ecdh_x25519 / TLS_AES_128_GCM_SHA256 / rsa_pss_rsae_sha512,240
33,Implementation: OpenSSL 3.0.17,ecdh_x25519 / TLS_CHACHA20_POLY1305_SHA256 / ecdsa_secp521r1_sha512,240
34,Implementation: OpenSSL 3.0.17,ecdh_x25519 / TLS_CHACHA20_POLY1305_SHA256 / rsa_pss_rsae_sha256,240
35,Implementation: OpenSSL 3.0.17,ecdh_x25519 / TLS_CHACHA20_POLY1305_SHA256 / ed25519,240
36,Implementation: OpenSSL 3.0.17,ecdh_x25519 / TLS_CHACHA20_POLY1305_SHA256 / ecdsa_secp256r1_sha256,240
37,Implementation: OpenSSL 3.0.17,ecdh_x25519 / TLS_CHACHA20_POLY1305_SHA256 / ecdsa_secp384r1_sha384,240
38,Implementation: OpenSSL 3.0.17,ecdh_x25519 / TLS_CHACHA20_POLY1305_SHA256 / rsa_pss_rsae_sha384,240
39,Implementation: OpenSSL 3.0.17,ecdh_x25519 / TLS_CHACHA20_POLY1305_SHA256 / ed448,240
40,Implementation: OpenSSL 3.0.17,ecdh_x25519 / TLS_CHACHA20_POLY1305_SHA256 / rsa_pss_rsae_sha512,240
41,Implementation: OpenSSL 3.0.17,ecdh_x25519 / TLS_AES_256_GCM_SHA384 / ecdsa_secp521r1_sha512,240
42,Implementation: OpenSSL 3.0.17,ecdh_x25519 / TLS_AES_256_GCM_SHA384 / rsa_pss_rsae_sha256,240
43,Implementation: OpenSSL 3.0.17,ecdh_x25519 / TLS_AES_256_GCM_SHA384 / ed25519,240
44,Implementation: OpenSSL 3.0.17,ecdh_x25519 / TLS_AES_256_GCM_SHA384 / ecdsa_secp256r1_sha256,240
45,Implementation: OpenSSL 3.0.17,ecdh_x25519 / TLS_AES_256_GCM_SHA384 / ecdsa_secp384r1_sha384,240
46,Implementation: OpenSSL 3.0.17,ecdh_x25519 / TLS_AES_256_GCM_SHA384 / rsa_pss_rsae_sha384,240
47,Implementation: OpenSSL 3.0.17,ecdh_x25519 / TLS_AES_256_GCM_SHA384 / ed448,240
48,Implementation: OpenSSL 3.0.17,ecdh_x25519 / TLS_AES_256_GCM_SHA384 / rsa_pss_rsae_sha512,240
49,Implementation: OpenSSL 3.0.17,ffdhe8192 / TLS_AES_128_GCM_SHA256 / ecdsa_secp521r1_sha512,240
50,Implementation: OpenSSL 3.0.17,ffdhe8192 / TLS_AES_128_GCM_SHA256 / rsa_pss_rsae_sha256,240
51,Implementation: OpenSSL 3.0.17,ffdhe8192 / TLS_AES_128_GCM_SHA256 / ed25519,240
52,Implementation: OpenSSL 3.0.17,ffdhe8192 / TLS_AES_128_GCM_SHA256 / ecdsa_secp256r1_sha256,240
53,Implementation: OpenSSL 3.0.17,ffdhe8192 / TLS_AES_128_GCM_SHA256 / ecdsa_secp384r1_sha384,240
54,Implementation: OpenSSL 3.0.17,ffdhe8192 / TLS_AES_128_GCM_SHA256 / rsa_pss_rsae_sha384,240
55,Implementation: OpenSSL 3.0.17,ffdhe8192 / TLS_AES_128_GCM_SHA256 / ed448,240
56,Implementation: OpenSSL 3.0.17,ffdhe8192 / TLS_AES_128_GCM_SHA256 / rsa_pss_rsae_sha512,240
57,Implementation: OpenSSL 3.0.17,ffdhe8192 / TLS_CHACHA20_POLY1305_SHA256 / ecdsa_secp521r1_sha512,240
58,Implementation: OpenSSL 3.0.17,ffdhe8192 / TLS_CHACHA20_POLY1305_SHA256 / rsa_pss_rsae_sha256,240
59,Implementation: OpenSSL 3.0.17,ffdhe8192 / TLS_CHACHA20_POLY1305_SHA256 / ed25519,240
60,Implementation: OpenSSL 3.0.17,ffdhe8192 / TLS_CHACHA20_POLY1305_SHA256 / ecdsa_secp256r1_sha256,240
61,Implementation: OpenSSL 3.0.17,ffdhe8192 / TLS_CHACHA20_POLY1305_SHA256 / ecdsa_secp384r1_sha384,240
62,Implementation: OpenSSL 3.0.17,ffdhe8192 / TLS_CHACHA20_POLY1305_SHA256 / rsa_pss_rsae_sha384,240
63,Implementation: OpenSSL 3.0.17,ffdhe8192 / TLS_CHACHA20_POLY1305_SHA256 / ed448,240
64,Implementation: OpenSSL 3.0.17,ffdhe8192 / TLS_CHACHA20_POLY1305_SHA256 / rsa_pss_rsae_sha512,240
65,Implementation: OpenSSL 3.0.17,ffdhe8192 / TLS_AES_256_GCM_SHA384 / ecdsa_secp521r1_sha512,240
66,Implementation: OpenSSL 3.0.17,ffdhe8192 / TLS_AES_256_GCM_SHA384 / rsa_pss_rsae_sha256,240
67,Implementation: OpenSSL 3.0.17,ffdhe8192 / TLS_AES_256_GCM_SHA384 / ed25519,240
68,Implementation: OpenSSL 3.0.17,ffdhe8192 / TLS_AES_256_GCM_SHA384 / ecdsa_secp256r1_sha256,240
69,Implementation: OpenSSL 3.0.17,ffdhe8192 / TLS_AES_256_GCM_SHA384 / ecdsa_secp384r1_sha384,240
70,Implementation: OpenSSL 3.0.17,ffdhe8192 / TLS_AES_256_GCM_SHA384 / rsa_pss_rsae_sha384,240
71,Implementation: OpenSSL 3.0.17,ffdhe8192 / TLS_AES_256_GCM_SHA384 / ed448,240
72,Implementation: OpenSSL 3.0.17,ffdhe8192 / TLS_AES_256_GCM_SHA384 / rsa_pss_rsae_sha512,240
73,Implementation: OpenSSL 3.0.17,secp256r1 / TLS_AES_128_GCM_SHA256 / ecdsa_secp521r1_sha512,240
74,Implementation: OpenSSL 3.0.17,secp256r1 / TLS_AES_128_GCM_SHA256 / rsa_pss_rsae_sha256,240
75,Implementation: OpenSSL 3.0.17,secp256r1 / TLS_AES_128_GCM_SHA256 / ed25519,240
76,Implementation: OpenSSL 3.0.17,secp256r1 / TLS_AES_128_GCM_SHA256 / ecdsa_secp256r1_sha256,240
77,Implementation: OpenSSL 3.0.17,secp256r1 / TLS_AES_128_GCM_SHA256 / ecdsa_secp384r1_sha384,240
78,Implementation: OpenSSL 3.0.17,secp256r1 / TLS_AES_128_GCM_SHA256 / rsa_pss_rsae_sha384,240
79,Implementation: OpenSSL 3.0.17,secp256r1 / TLS_AES_128_GCM_SHA256 / ed448,240
80,Implementation: OpenSSL 3.0.17,secp256r1 / TLS_AES_128_GCM_SHA256 / rsa_pss_rsae_sha512,240
81,Implementation: OpenSSL 3.0.17,secp256r1 / TLS_CHACHA20_POLY1305_SHA256 / ecdsa_secp521r1_sha512,240
82,Implementation: OpenSSL 3.0.17,secp256r1 / TLS_CHACHA20_POLY1305_SHA256 / rsa_pss_rsae_sha256,240
83,Implementation: OpenSSL 3.0.17,secp256r1 / TLS_CHACHA20_POLY1305_SHA256 / ed25519,240
84,Implementation: OpenSSL 3.0.17,secp256r1 / TLS_CHACHA20_POLY1305_SHA256 / ecdsa_secp256r1_sha256,240
85,Implementation: OpenSSL 3.0.17,secp256r1 / TLS_CHACHA20_POLY1305_SHA256 / ecdsa_secp384r1_sha384,240
86,Implementation: OpenSSL 3.0.17,secp256r1 / TLS_CHACHA20_POLY1305_SHA256 / rsa_pss_rsae_sha384,240
87,Implementation: OpenSSL 3.0.17,secp256r1 / TLS_CHACHA20_POLY1305_SHA256 / ed448,240
88,Implementation: OpenSSL 3.0.17,secp256r1 / TLS_CHACHA20_POLY1305_SHA256 / rsa_pss_rsae_sha512,240
89,Implementation: OpenSSL 3.0.17,secp256r1 / TLS_AES_256_GCM_SHA384 / ecdsa_secp521r1_sha512,240
90,Implementation: OpenSSL 3.0.17,secp256r1 / TLS_AES_256_GCM_SHA384 / rsa_pss_rsae_sha256,240
91,Implementation: OpenSSL 3.0.17,secp256r1 / TLS_AES_256_GCM_SHA384 / ed25519,240
92,Implementation: OpenSSL 3.0.17,secp256r1 / TLS_AES_256_GCM_SHA384 / ecdsa_secp256r1_sha256,240
93,Implementation: OpenSSL 3.0.17,secp256r1 / TLS_AES_256_GCM_SHA384 / ecdsa_secp384r1_sha384,240
94,Implementation: OpenSSL 3.0.17,secp256r1 / TLS_AES_256_GCM_SHA384 / rsa_pss_rsae_sha384,240
95,Implementation: OpenSSL 3.0.17,secp256r1 / TLS_AES_256_GCM_SHA384 / ed448,240
96,Implementation: OpenSSL 3.0.17,secp256r1 / TLS_AES_256_GCM_SHA384 / rsa_pss_rsae_sha512,240
97,Implementation: OpenSSL 3.0.17,ffdhe3072 / TLS_AES_128_GCM_SHA256 / ecdsa_secp521r1_sha512,240
98,Implementation: OpenSSL 3.0.17,ffdhe3072 / TLS_AES_128_GCM_SHA256 / rsa_pss_rsae_sha256,240
99,Implementation: OpenSSL 3.0.17,ffdhe3072 / TLS_AES_128_GCM_SHA256 / ed25519,240
100,Implementation: OpenSSL 3.0.17,ffdhe3072 / TLS_AES_128_GCM_SHA256 / ecdsa_secp256r1_sha256,240
101,Implementation: OpenSSL 3.0.17,ffdhe3072 / TLS_AES_128_GCM_SHA256 / ecdsa_secp384r1_sha384,240
102,Implementation: OpenSSL 3.0.17,ffdhe3072 / TLS_AES_128_GCM_SHA256 / rsa_pss_rsae_sha384,240
103,Implementation: OpenSSL 3.0.17,ffdhe3072 / TLS_AES_128_GCM_SHA256 / ed448,240
104,Implementation: OpenSSL 3.0.17,ffdhe3072 / TLS_AES_128_GCM_SHA256 / rsa_pss_rsae_sha512,240
105,Implementation: OpenSSL 3.0.17,ffdhe3072 / TLS_CHACHA20_POLY1305_SHA256 / ecdsa_secp521r1_sha512,240
106,Implementation: OpenSSL 3.0.17,ffdhe3072 / TLS_CHACHA20_POLY1305_SHA256 / rsa_pss_rsae_sha256,240
107,Implementation: OpenSSL 3.0.17,ffdhe3072 / TLS_CHACHA20_POLY1305_SHA256 / ed25519,240
108,Implementation: OpenSSL 3.0.17,ffdhe3072 / TLS_CHACHA20_POLY1305_SHA256 / ecdsa_secp256r1_sha256,240
109,Implementation: OpenSSL 3.0.17,ffdhe3072 / TLS_CHACHA20_POLY1305_SHA256 / ecdsa_secp384r1_sha384,240
110,Implementation: OpenSSL 3.0.17,ffdhe3072 / TLS_CHACHA20_POLY1305_SHA256 / rsa_pss_rsae_sha384,240
111,Implementation: OpenSSL 3.0.17,ffdhe3072 / TLS_CHACHA20_POLY1305_SHA256 / ed448,240
112,Implementation: OpenSSL 3.0.17,ffdhe3072 / TLS_CHACHA20_POLY1305_SHA256 / rsa_pss_rsae_sha512,240
113,Implementation: OpenSSL 3.0.17,ffdhe3072 / TLS_AES_256_GCM_SHA384 / ecdsa_secp521r1_sha512,240
114,Implementation: OpenSSL 3.0.17,ffdhe3072 / TLS_AES_256_GCM_SHA384 / rsa_pss_rsae_sha256,240
115,Implementation: OpenSSL 3.0.17,ffdhe3072 / TLS_AES_256_GCM_SHA384 / ed25519,240
116,Implementation: OpenSSL 3.0.17,ffdhe3072 / TLS_AES_256_GCM_SHA384 / ecdsa_secp256r1_sha256,240
117,Implementation: OpenSSL 3.0.17,ffdhe3072 / TLS_AES_256_GCM_SHA384 / ecdsa_secp384r1_sha384,240
118,Implementation: OpenSSL 3.0.17,ffdhe3072 / TLS_AES_256_GCM_SHA384 / rsa_pss_rsae_sha384,240
119,Implementation: OpenSSL 3.0.17,ffdhe3072 / TLS_AES_256_GCM_SHA384 / ed448,240
120,Implementation: OpenSSL 3.0.17,ffdhe3072 / TLS_AES_256_GCM_SHA384 / rsa_pss_rsae_sha512,240
121,Implementation: OpenSSL 3.0.17,ffdhe4096 / TLS_AES_128_GCM_SHA256 / ecdsa_secp521r1_sha512,240
122,Implementation: OpenSSL 3.0.17,ffdhe4096 / TLS_AES_128_GCM_SHA256 / rsa_pss_rsae_sha256,240
123,Implementation: OpenSSL 3.0.17,ffdhe4096 / TLS_AES_128_GCM_SHA256 / ed25519,240
124,Implementation: OpenSSL 3.0.17,ffdhe4096 / TLS_AES_128_GCM_SHA256 / ecdsa_secp256r1_sha256,240
125,Implementation: OpenSSL 3.0.17,ffdhe4096 / TLS_AES_128_GCM_SHA256 / ecdsa_secp384r1_sha384,240
126,Implementation: OpenSSL 3.0.17,ffdhe4096 / TLS_AES_128_GCM_SHA256 / rsa_pss_rsae_sha384,240
127,Implementation: OpenSSL 3.0.17,ffdhe4096 / TLS_AES_128_GCM_SHA256 / ed448,240
128,Implementation: OpenSSL 3.0.17,ffdhe4096 / TLS_AES_128_GCM_SHA256 / rsa_pss_rsae_sha512,240
129,Implementation: OpenSSL 3.0.17,ffdhe4096 / TLS_CHACHA20_POLY1305_SHA256 / ecdsa_secp521r1_sha512,240
130,Implementation: OpenSSL 3.0.17,ffdhe4096 / TLS_CHACHA20_POLY1305_SHA256 / rsa_pss_rsae_sha256,240
131,Implementation: OpenSSL 3.0.17,ffdhe4096 / TLS_CHACHA20_POLY1305_SHA256 / ed25519,240
132,Implementation: OpenSSL 3.0.17,ffdhe4096 / TLS_CHACHA20_POLY1305_SHA256 / ecdsa_secp256r1_sha256,240
133,Implementation: OpenSSL 3.0.17,ffdhe4096 / TLS_CHACHA20_POLY1305_SHA256 / ecdsa_secp384r1_sha384,240
134,Implementation: OpenSSL 3.0.17,ffdhe4096 / TLS_CHACHA20_POLY1305_SHA256 / rsa_pss_rsae_sha384,240
135,Implementation: OpenSSL 3.0.17,ffdhe4096 / TLS_CHACHA20_POLY1305_SHA256 / ed448,240
136,Implementation: OpenSSL 3.0.17,ffdhe4096 / TLS_CHACHA20_POLY1305_SHA256 / rsa_pss_rsae_sha512,240
137,Implementation: OpenSSL 3.0.17,ffdhe4096 / TLS_AES_256_GCM_SHA384 / ecdsa_secp521r1_sha512,240
138,Implementation: OpenSSL 3.0.17,ffdhe4096 / TLS_AES_256_GCM_SHA384 / rsa_pss_rsae_sha256,240
139,Implementation: OpenSSL 3.0.17,ffdhe4096 / TLS_AES_256_GCM_SHA384 / ed25519,240
140,Implementation: OpenSSL 3.0.17,ffdhe4096 / TLS_AES_256_GCM_SHA384 / ecdsa_secp256r1_sha256,240
141,Implementation: OpenSSL 3.0.17,ffdhe4096 / TLS_AES_256_GCM_SHA384 / ecdsa_secp384r1_sha384,240
142,Implementation: OpenSSL 3.0.17,ffdhe4096 / TLS_AES_256_GCM_SHA384 / rsa_pss_rsae_sha384,240
143,Implementation: OpenSSL 3.0.17,ffdhe4096 / TLS_AES_256_GCM_SHA384 / ed448,240
144,Implementation: OpenSSL 3.0.17,ffdhe4096 / TLS_AES_256_GCM_SHA384 / rsa_pss_rsae_sha512,240
145,Implementation: OpenSSL 3.0.17,secp521r1 / TLS_AES_128_GCM_SHA256 / ecdsa_secp521r1_sha512,240
146,Implementation: OpenSSL 3.0.17,secp521r1 / TLS_AES_128_GCM_SHA256 / rsa_pss_rsae_sha256,240
147,Implementation: OpenSSL 3.0.17,secp521r1 / TLS_AES_128_GCM_SHA256 / ed25519,240
148,Implementation: OpenSSL 3.0.17,secp521r1 / TLS_AES_128_GCM_SHA256 / ecdsa_secp256r1_sha256,240
149,Implementation: OpenSSL 3.0.17,secp521r1 / TLS_AES_128_GCM_SHA256 / ecdsa_secp384r1_sha384,240
150,Implementation: OpenSSL 3.0.17,secp521r1 / TLS_AES_128_GCM_SHA256 / rsa_pss_rsae_sha384,240
151,Implementation: OpenSSL 3.0.17,secp521r1 / TLS_AES_128_GCM_SHA256 / ed448,240
152,Implementation: OpenSSL 3.0.17,secp521r1 / TLS_AES_128_GCM_SHA256 / rsa_pss_rsae_sha512,240
153,Implementation: OpenSSL 3.0.17,secp521r1 / TLS_CHACHA20_POLY1305_SHA256 / ecdsa_secp521r1_sha512,240
154,Implementation: OpenSSL 3.0.17,secp521r1 / TLS_CHACHA20_POLY1305_SHA256 / rsa_pss_rsae_sha256,240
155,Implementation: OpenSSL 3.0.17,secp521r1 / TLS_CHACHA20_POLY1305_SHA256 / ed25519,240
156,Implementation: OpenSSL 3.0.17,secp521r1 / TLS_CHACHA20_POLY1305_SHA256 / ecdsa_secp256r1_sha256,240
157,Implementation: OpenSSL 3.0.17,secp521r1 / TLS_CHACHA20_POLY1305_SHA256 / ecdsa_secp384r1_sha384,240
158,Implementation: OpenSSL 3.0.17,secp521r1 / TLS_CHACHA20_POLY1305_SHA256 / rsa_pss_rsae_sha384,240
159,Implementation: OpenSSL 3.0.17,secp521r1 / TLS_CHACHA20_POLY1305_SHA256 / ed448,240
160,Implementation: OpenSSL 3.0.17,secp521r1 / TLS_CHACHA20_POLY1305_SHA256 / rsa_pss_rsae_sha512,240
161,Implementation: OpenSSL 3.0.17,secp521r1 / TLS_AES_256_GCM_SHA384 / ecdsa_secp521r1_sha512,240
162,Implementation: OpenSSL 3.0.17,secp521r1 / TLS_AES_256_GCM_SHA384 / rsa_pss_rsae_sha256,240
163,Implementation: OpenSSL 3.0.17,secp521r1 / TLS_AES_256_GCM_SHA384 / ed25519,240
164,Implementation: OpenSSL 3.0.17,secp521r1 / TLS_AES_256_GCM_SHA384 / ecdsa_secp256r1_sha256,240
165,Implementation: OpenSSL 3.0.17,secp521r1 / TLS_AES_256_GCM_SHA384 / ecdsa_secp384r1_sha384,240
166,Implementation: OpenSSL 3.0.17,secp521r1 / TLS_AES_256_GCM_SHA384 / rsa_pss_rsae_sha384,240
167,Implementation: OpenSSL 3.0.17,secp521r1 / TLS_AES_256_GCM_SHA384 / ed448,240
168,Implementation: OpenSSL 3.0.17,secp521r1 / TLS_AES_256_GCM_SHA384 / rsa_pss_rsae_sha512,240
169,Implementation: OpenSSL 3.0.17,secp384r1 / TLS_AES_128_GCM_SHA256 / ecdsa_secp521r1_sha512,240
170,Implementation: OpenSSL 3.0.17,secp384r1 / TLS_AES_128_GCM_SHA256 / rsa_pss_rsae_sha256,240
171,Implementation: OpenSSL 3.0.17,secp384r1 / TLS_AES_128_GCM_SHA256 / ed25519,240
172,Implementation: OpenSSL 3.0.17,secp384r1 / TLS_AES_128_GCM_SHA256 / ecdsa_secp256r1_sha256,240
173,Implementation: OpenSSL 3.0.17,secp384r1 / TLS_AES_128_GCM_SHA256 / ecdsa_secp384r1_sha384,240
174,Implementation: OpenSSL 3.0.17,secp384r1 / TLS_AES_128_GCM_SHA256 / rsa_pss_rsae_sha384,240
175,Implementation: OpenSSL 3.0.17,secp384r1 / TLS_AES_128_GCM_SHA256 / ed448,240
176,Implementation: OpenSSL 3.0.17,secp384r1 / TLS_AES_128_GCM_SHA256 / rsa_pss_rsae_sha512,240
177,Implementation: OpenSSL 3.0.17,secp384r1 / TLS_CHACHA20_POLY1305_SHA256 / ecdsa_secp521r1_sha512,240
178,Implementation: OpenSSL 3.0.17,secp384r1 / TLS_CHACHA20_POLY1305_SHA256 / rsa_pss_rsae_sha256,240
179,Implementation: OpenSSL 3.0.17,secp384r1 / TLS_CHACHA20_POLY1305_SHA256 / ed25519,240
180,Implementation: OpenSSL 3.0.17,secp384r1 / TLS_CHACHA20_POLY1305_SHA256 / ecdsa_secp256r1_sha256,240
181,Implementation: OpenSSL 3.0.17,secp384r1 / TLS_CHACHA20_POLY1305_SHA256 / ecdsa_secp384r1_sha384,240
182,Implementation: OpenSSL 3.0.17,secp384r1 / TLS_CHACHA20_POLY1305_SHA256 / rsa_pss_rsae_sha384,240
183,Implementation: OpenSSL 3.0.17,secp384r1 / TLS_CHACHA20_POLY1305_SHA256 / ed448,240
184,Implementation: OpenSSL 3.0.17,secp384r1 / TLS_CHACHA20_POLY1305_SHA256 / rsa_pss_rsae_sha512,240
185,Implementation: OpenSSL 3.0.17,secp384r1 / TLS_AES_256_GCM_SHA384 / ecdsa_secp521r1_sha512,240
186,Implementation: OpenSSL 3.0.17,secp384r1 / TLS_AES_256_GCM_SHA384 / rsa_pss_rsae_sha256,240
187,Implementation: OpenSSL 3.0.17,secp384r1 / TLS_AES_256_GCM_SHA384 / ed25519,240
188,Implementation: OpenSSL 3.0.17,secp384r1 / TLS_AES_256_GCM_SHA384 / ecdsa_secp256r1_sha256,240
189,Implementation: OpenSSL 3.0.17,secp384r1 / TLS_AES_256_GCM_SHA384 / ecdsa_secp384r1_sha384,240
190,Implementation: OpenSSL 3.0.17,secp384r1 / TLS_AES_256_GCM_SHA384 / rsa_pss_rsae_sha384,240
191,Implementation: OpenSSL 3.0.17,secp384r1 / TLS_AES_256_GCM_SHA384 / ed448,240
192,Implementation: OpenSSL 3.0.17,secp384r1 / TLS_AES_256_GCM_SHA384 / rsa_pss_rsae_sha512,240
193,Implementation: OpenSSL 3.0.17,ecdh_x448 / TLS_AES_128_GCM_SHA256 / ecdsa_secp521r1_sha512,240
194,Implementation: OpenSSL 3.0.17,ecdh_x448 / TLS_AES_128_GCM_SHA256 / rsa_pss_rsae_sha256,240
195,Implementation: OpenSSL 3.0.17,ecdh_x448 / TLS_AES_128_GCM_SHA256 / ed25519,240
196,Implementation: OpenSSL 3.0.17,ecdh_x448 / TLS_AES_128_GCM_SHA256 / ecdsa_secp256r1_sha256,240
197,Implementation: OpenSSL 3.0.17,ecdh_x448 / TLS_AES_128_GCM_SHA256 / ecdsa_secp384r1_sha384,240
198,Implementation: OpenSSL 3.0.17,ecdh_x448 / TLS_AES_128_GCM_SHA256 / rsa_pss_rsae_sha384,240
199,Implementation: OpenSSL 3.0.17,ecdh_x448 / TLS_AES_128_GCM_SHA256 / ed448,240
200,Implementation: OpenSSL 3.0.17,ecdh_x448 / TLS_AES_128_GCM_SHA256 / rsa_pss_rsae_sha512,240
201,Implementation: OpenSSL 3.0.17,ecdh_x448 / TLS_CHACHA20_POLY1305_SHA256 / ecdsa_secp521r1_sha512,240
202,Implementation: OpenSSL 3.0.17,ecdh_x448 / TLS_CHACHA20_POLY1305_SHA256 / rsa_pss_rsae_sha256,240
203,Implementation: OpenSSL 3.0.17,ecdh_x448 / TLS_CHACHA20_POLY1305_SHA256 / ed25519,240
204,Implementation: OpenSSL 3.0.17,ecdh_x448 / TLS_CHACHA20_POLY1305_SHA256 / ecdsa_secp256r1_sha256,240
205,Implementation: OpenSSL 3.0.17,ecdh_x448 / TLS_CHACHA20_POLY1305_SHA256 / ecdsa_secp384r1_sha384,240
206,Implementation: OpenSSL 3.0.17,ecdh_x448 / TLS_CHACHA20_POLY1305_SHA256 / rsa_pss_rsae_sha384,240
207,Implementation: OpenSSL 3.0.17,ecdh_x448 / TLS_CHACHA20_POLY1305_SHA256 / ed448,240
208,Implementation: OpenSSL 3.0.17,ecdh_x448 / TLS_CHACHA20_POLY1305_SHA256 / rsa_pss_rsae_sha512,240
209,Implementation: OpenSSL 3.0.17,ecdh_x448 / TLS_AES_256_GCM_SHA384 / ecdsa_secp521r1_sha512,240
210,Implementation: OpenSSL 3.0.17,ecdh_x448 / TLS_AES_256_GCM_SHA384 / rsa_pss_rsae_sha256,240
211,Implementation: OpenSSL 3.0.17,ecdh_x448 / TLS_AES_256_GCM_SHA384 / ed25519,240
212,Implementation: OpenSSL 3.0.17,ecdh_x448 / TLS_AES_256_GCM_SHA384 / ecdsa_secp256r1_sha256,240
213,Implementation: OpenSSL 3.0.17,ecdh_x448 / TLS_AES_256_GCM_SHA384 / ecdsa_secp384r1_sha384,240
214,Implementation: OpenSSL 3.0.17,ecdh_x448 / TLS_AES_256_GCM_SHA384 / rsa_pss_rsae_sha384,240
215,Implementation: OpenSSL 3.0.17,ecdh_x448 / TLS_AES_256_GCM_SHA384 / ed448,240
216,Implementation: OpenSSL 3.0.17,ecdh_x448 / TLS_AES_256_GCM_SHA384 / rsa_pss_rsae_sha512,240
217,Implementation: OpenSSL 3.0.17,ffdhe6144 / TLS_AES_128_GCM_SHA256 / ecdsa_secp521r1_sha512,240
218,Implementation: OpenSSL 3.0.17,ffdhe6144 / TLS_AES_128_GCM_SHA256 / rsa_pss_rsae_sha256,240
219,Implementation: OpenSSL 3.0.17,ffdhe6144 / TLS_AES_128_GCM_SHA256 / ed25519,240
220,Implementation: OpenSSL 3.0.17,ffdhe6144 / TLS_AES_128_GCM_SHA256 / ecdsa_secp256r1_sha256,240
221,Implementation: OpenSSL 3.0.17,ffdhe6144 / TLS_AES_128_GCM_SHA256 / ecdsa_secp384r1_sha384,240
222,Implementation: OpenSSL 3.0.17,ffdhe6144 / TLS_AES_128_GCM_SHA256 / rsa_pss_rsae_sha384,240
223,Implementation: OpenSSL 3.0.17,ffdhe6144 / TLS_AES_128_GCM_SHA256 / ed448,240
224,Implementation: OpenSSL 3.0.17,ffdhe6144 / TLS_AES_128_GCM_SHA256 / rsa_pss_rsae_sha512,240
225,Implementation: OpenSSL 3.0.17,ffdhe6144 / TLS_CHACHA20_POLY1305_SHA256 / ecdsa_secp521r1_sha512,240
226,Implementation: OpenSSL 3.0.17,ffdhe6144 / TLS_CHACHA20_POLY1305_SHA256 / rsa_pss_rsae_sha256,240
227,Implementation: OpenSSL 3.0.17,ffdhe6144 / TLS_CHACHA20_POLY1305_SHA256 / ed25519,240
228,Implementation: OpenSSL 3.0.17,ffdhe6144 / TLS_CHACHA20_POLY1305_SHA256 / ecdsa_secp256r1_sha256,240
229,Implementation: OpenSSL 3.0.17,ffdhe6144 / TLS_CHACHA20_POLY1305_SHA256 / ecdsa_secp384r1_sha384,240
230,Implementation: OpenSSL 3.0.17,ffdhe6144 / TLS_CHACHA20_POLY1305_SHA256 / rsa_pss_rsae_sha384,240
231,Implementation: OpenSSL 3.0.17,ffdhe6144 / TLS_CHACHA20_POLY1305_SHA256 / ed448,240
232,Implementation: OpenSSL 3.0.17,ffdhe6144 / TLS_CHACHA20_POLY1305_SHA256 / rsa_pss_rsae_sha512,240
233,Implementation: OpenSSL 3.0.17,ffdhe6144 / TLS_AES_256_GCM_SHA384 / ecdsa_secp521r1_sha512,240
234,Implementation: OpenSSL 3.0.17,ffdhe6144 / TLS_AES_256_GCM_SHA384 / rsa_pss_rsae_sha256,240
235,Implementation: OpenSSL 3.0.17,ffdhe6144 / TLS_AES_256_GCM_SHA384 / ed25519,240
236,Implementation: OpenSSL 3.0.17,ffdhe6144 / TLS_AES_256_GCM_SHA384 / ecdsa_secp256r1_sha256,240
237,Implementation: OpenSSL 3.0.17,ffdhe6144 / TLS_AES_256_GCM_SHA384 / ecdsa_secp384r1_sha384,240
238,Implementation: OpenSSL 3.0.17,ffdhe6144 / TLS_AES_256_GCM_SHA384 / rsa_pss_rsae_sha384,240
239,Implementation: OpenSSL 3.0.17,ffdhe6144 / TLS_AES_256_GCM_SHA384 / ed448,240
240,Implementation: OpenSSL 3.0.17,ffdhe6144 / TLS_AES_256_GCM_SHA384 / rsa_pss_rsae_sha512,240
